texte,label_fluting,label_pm2_kraft,label_pm2_kraft_export,label_pm3_fluting,label_sotikraft,label_test_color,label_testliner
agent collage asa [contexte: ],0,1,1,0,0,0,0
agent de collage [contexte: ],0,0,0,0,1,1,1
biocide ratio [contexte: ],1,1,1,1,1,1,1
defoamer 1 (afranil) [contexte: ],1,1,1,1,1,1,1
defoamer 2 (erol) [contexte: ],0,0,0,1,1,1,1
fiber ratio [contexte: ],1,1,1,1,1,1,1
flocon pulp ratio [contexte: ],0,1,1,0,0,0,0
krofta polymer ratio [contexte: ],1,1,1,1,1,1,1
pac [contexte: ],0,0,0,0,1,1,1
prestige cleaning aids ratio (prestige) [contexte: ],1,1,1,0,0,0,0
pulp ratio [contexte: ],0,1,0,0,0,0,0
retention aids ratio [contexte: ],1,1,1,1,1,1,1
size press [contexte: ],0,0,0,0,0,1,0
standard pulp ratio [contexte: ],0,1,1,0,0,0,0
starch cationic ratio [contexte: ],1,1,1,1,1,1,1
starch oxidized ratio [contexte: ],1,0,0,0,1,0,0
wet end [contexte: ],0,0,0,0,1,1,0
waste paper ratio [contexte: ],1,1,0,1,1,1,1
size press [contexte: boucle de régulation],0,0,0,1,0,0,0
potentiel zeta [contexte: hydrocyclone],0,0,0,0,1,0,0
concentration de la pâte (consistance) [contexte: bac à eaux blanches],1,0,0,0,0,1,0
température de séchage [contexte: section des presses],0,0,0,0,1,0,0
biocide oxydant [contexte: zone de raffinage],0,0,0,0,0,0,0
polymère de rétention cationique [contexte: bac à eaux blanches],0,0,0,0,1,1,0
epaisseur (caliper) [contexte: section des presses],0,1,0,0,0,0,0
dispersant synthétique [contexte: boucle de régulation],1,1,0,1,0,0,0
colorant bleu direct [contexte: table de fabrication],0,1,0,0,0,1,0
colorant jaune basique [contexte: circuit court],0,0,0,0,0,0,0
amidon natif de maïs [contexte: circuit long],1,1,0,0,0,0,1
standard pulp ratio [contexte: pompe B],0,0,0,0,0,0,0
pâte recyclée (occ) [contexte: cuvier de mélange],0,0,0,0,0,0,0
agent de collage akd [contexte: circuit court],0,1,1,0,1,0,1
polymère de rétention cationique [contexte: zone de raffinage],0,1,1,0,1,0,1
dispersant synthétique [contexte: station de dosage],0,0,0,0,0,0,0
conductivité [contexte: section des presses],1,0,0,0,1,0,0
colorant rouge acide [contexte: cuvier machine],0,1,0,0,0,0,0
humidité finale [contexte: cuvier machine],0,0,0,0,0,0,0
pac [contexte: pompe de transfert],0,1,0,0,0,1,1
retention aids ratio [contexte: préparation de la pâte],0,0,1,1,0,0,1
flocon pulp ratio [contexte: circuit long],0,1,0,0,0,0,0
vitesse machine [contexte: pompe de transfert],0,0,0,0,0,1,0
agent de collage colophane [contexte: stockage intermédiaire],0,0,1,0,0,0,0
dioxyde de titane (tio2) [contexte: section des presses],0,0,1,0,0,0,0
conductivité [contexte: circuit court],1,1,0,0,0,1,0
blancheur iso [contexte: stockage intermédiaire],0,0,0,0,0,1,0
fongicide [contexte: pompe de transfert],0,0,0,1,1,1,0
pulp ratio [contexte: hydrocyclone],0,1,0,0,0,1,0
anti-mousse silicone [contexte: v2],0,0,0,0,0,1,0
kaolin calciné [contexte: préparation de la pâte],0,0,0,0,1,0,0
azurant optique (oba) [contexte: v2],0,0,0,1,0,0,1
soude caustique (naoh) [contexte: ligne principale],0,0,0,0,0,1,0
flocon pulp ratio [contexte: pompe A],0,0,0,1,0,0,0
pâte kraft blanchie de résineux (nbsk) [contexte: préparation de la pâte],0,1,0,1,0,1,0
retention aids ratio [contexte: stockage intermédiaire],0,0,0,0,0,0,0
fongicide [contexte: circuit long],0,0,0,0,0,0,0
defoamer 1 (afranil) [contexte: cuvier de mélange],0,0,1,0,0,0,0
defoamer 2 (erol) [contexte: circuit court],1,1,0,0,0,1,1
demande chimique en oxygène (dco) [contexte: cuvier de cassés],0,0,1,0,0,0,0
prestige cleaning aids ratio (prestige) [contexte: section des presses],0,0,0,1,0,0,0
size press [contexte: zone aspirante],0,0,1,0,0,1,1
colorant bleu direct [contexte: bobineuse],0,0,0,0,0,0,0
fiber ratio [contexte: hydrocyclone],0,0,0,0,0,0,0
pâte kraft blanchie de feuillus (bhkp) [contexte: pompe A],0,0,1,0,0,0,1
pulp ratio [contexte: section des presses],0,0,0,0,1,0,0
indice de déchirement [contexte: cuvier de mélange],0,0,1,0,1,0,1
dispersant synthétique [contexte: sécherie],0,0,1,0,0,0,0
eau de dilution [contexte: table de fabrication],0,1,1,0,0,0,0
ph de caisse de tête [contexte: caisse de tête],0,0,1,1,0,0,0
blancheur iso [contexte: table de fabrication],0,1,0,0,0,1,0
colorant rouge acide [contexte: pompe de transfert],1,0,0,0,1,0,0
fiber ratio [contexte: cuvier machine],0,0,0,0,1,0,0
sulfate d'aluminium (alun) [contexte: bac à eaux blanches],1,0,0,0,0,1,0
grammage cible [contexte: ],0,0,0,0,1,1,1
colorant jaune basique [contexte: pompe B],0,0,0,1,0,1,0
microparticules de silice [contexte: préparation de la pâte],1,0,0,1,0,0,0
demande chimique en oxygène (dco) [contexte: v2],0,0,0,0,0,0,0
soude caustique (naoh) [contexte: zone de raffinage],0,0,0,1,0,1,0
rugosité bendtsen [contexte: bobineuse],0,0,0,1,0,0,0
epaisseur (caliper) [contexte: table de fabrication],0,1,0,0,0,0,1
krofta polymer ratio [contexte: urgence],0,0,1,0,0,0,1
humidité finale [contexte: silo à pâte],0,0,0,0,0,0,0
biocide oxydant [contexte: pompe A],0,0,0,0,0,0,0
anti-mousse silicone [contexte: urgence],0,0,0,0,0,0,0
résine de résistance à sec [contexte: circuit long],0,0,0,0,1,0,0
pâte désencrée (dip) [contexte: pompe B],0,0,0,0,0,0,0
colorant jaune basique [contexte: boucle de régulation],1,1,0,0,0,0,0
pâte désencrée (dip) [contexte: préparation de la pâte],1,0,0,0,0,0,1
eau de dilution [contexte: pompe A],0,0,0,0,0,1,0
anti-mousse silicone [contexte: cuvier machine],0,0,0,1,0,0,1
pulp ratio [contexte: zone aspirante],1,0,0,0,0,0,1
conductivité [contexte: pompe de transfert],0,0,0,1,0,0,0
indice de déchirement [contexte: bobineuse],0,0,1,0,0,0,1
acide sulfurique [contexte: sécherie],0,0,0,1,1,1,1
concentration de la pâte (consistance) [contexte: hydrocyclone],0,1,1,1,0,0,0
epaisseur (caliper) [contexte: pompe A],0,0,0,0,0,1,1
soude caustique (naoh) [contexte: cuvier de cassés],0,1,0,0,0,0,0
agent de contrôle de la poix (talc) [contexte: sécherie],1,0,1,0,0,0,0
vitesse machine [contexte: ],1,0,0,1,0,0,0
carbonate de calcium (gcc) [contexte: sécherie],0,0,0,1,0,1,0
résine de résistance à sec [contexte: sécherie],0,0,0,0,0,0,0
indice de déchirement [contexte: silo à pâte],0,0,0,1,0,1,0
size press [contexte: section des presses],0,0,0,1,0,0,0
prestige cleaning aids ratio (prestige) [contexte: station de dosage],0,0,1,0,0,1,0
grammage cible [contexte: table de fabrication],0,0,0,0,0,0,0
température de séchage [contexte: pompe B],0,0,1,0,0,0,0
humidité finale [contexte: zone aspirante],0,0,1,0,0,0,1
polymère de rétention cationique [contexte: pompe A],0,0,0,0,0,0,0
starch cationic ratio [contexte: pompe A],0,0,1,1,0,0,1
pac [contexte: circuit long],1,0,0,0,0,1,0
anti-mousse silicone [contexte: section des presses],0,0,0,0,0,0,0
copes de bois [contexte: bobineuse],0,1,0,0,0,1,0
fongicide [contexte: urgence],0,1,0,0,0,0,0
conductivité [contexte: urgence],0,0,0,0,0,0,0
indice de déchirement [contexte: préparation de la pâte],0,0,0,0,0,0,0
prestige cleaning aids ratio (prestige) [contexte: zone aspirante],0,1,0,0,0,0,0
grammage cible [contexte: cuvier de mélange],0,1,1,1,0,1,0
azurant optique (oba) [contexte: bobineuse],0,0,0,0,0,1,0
conductivité [contexte: stockage intermédiaire],0,1,0,0,0,0,0
indice d'éclatement (burst) [contexte: table de fabrication],0,0,0,0,0,1,0
bentonite [contexte: silo à pâte],0,1,0,0,0,0,0
résine de résistance à l'état humide (pae) [contexte: zone aspirante],0,0,0,1,1,0,0
flocon pulp ratio [contexte: caisse de tête],0,0,0,0,0,0,0
prestige cleaning aids ratio (prestige) [contexte: sécherie],0,0,0,0,0,0,0
defoamer 1 (afranil) [contexte: caisse de tête],1,0,0,0,1,1,0
pâte kraft blanchie de feuillus (bhkp) [contexte: ],0,0,1,0,0,0,1
biocide oxydant [contexte: table de fabrication],0,0,0,1,0,0,0
opacité [contexte: station de dosage],0,0,0,0,0,0,0
retention aids ratio [contexte: bobineuse],0,0,0,0,1,1,0
concentration de la pâte (consistance) [contexte: circuit long],0,1,1,0,0,0,1
agent de contrôle de la poix (talc) [contexte: table de fabrication],0,0,0,0,0,0,0
kaolin calciné [contexte: circuit court],0,0,0,0,0,0,0
acide sulfurique [contexte: bobineuse],1,0,0,1,0,0,0
biocide non-oxydant [contexte: zone aspirante],0,0,1,1,0,0,0
pâte kraft blanchie de résineux (nbsk) [contexte: hydrocyclone],1,0,0,0,0,0,0
amidon natif de maïs [contexte: ],0,0,1,0,1,0,0
anti-mousse à base d'huile [contexte: hydrocyclone],1,1,0,0,1,0,0
fongicide [contexte: circuit court],0,0,0,0,0,0,1
pac [contexte: zone de raffinage],0,0,0,0,1,0,0
pâte kraft blanchie de feuillus (bhkp) [contexte: zone aspirante],0,0,0,0,1,0,1
porosité gurley [contexte: zone de raffinage],1,0,0,0,1,1,0
carbonate de calcium (gcc) [contexte: zone aspirante],0,1,0,0,0,0,0
colorant bleu direct [contexte: pompe B],0,0,0,0,1,0,0
anti-mousse à base d'huile [contexte: cuvier de mélange],1,1,0,0,0,1,0
kaolin calciné [contexte: bobineuse],1,0,0,0,0,0,1
résine de résistance à l'état humide (pae) [contexte: v2],0,1,0,1,0,0,0
azurant optique (oba) [contexte: urgence],0,0,0,1,0,0,0
blancheur iso [contexte: zone de raffinage],1,0,0,1,1,0,0
defoamer 1 (afranil) [contexte: stockage intermédiaire],0,0,0,0,0,0,0
polymère de rétention cationique [contexte: v2],0,0,0,0,0,0,0
pâte recyclée (occ) [contexte: bobineuse],0,0,0,0,0,0,0
fiber ratio [contexte: préparation de la pâte],0,1,1,0,0,1,0
size press [contexte: silo à pâte],0,0,0,0,1,0,0
pression des presses [contexte: préparation de la pâte],0,0,1,0,0,0,0
biocide non-oxydant [contexte: épurateur],0,1,0,0,1,0,0
pâte kraft blanchie de résineux (nbsk) [contexte: bac à eaux blanches],0,0,0,0,0,0,0
pression des presses [contexte: silo à pâte],0,1,0,1,1,0,0
pâte recyclée (occ) [contexte: station de dosage],0,1,0,0,0,1,0
azurant optique (oba) [contexte: circuit long],0,0,0,0,1,0,1
colorant rouge acide [contexte: zone de raffinage],1,0,0,0,0,0,0
résine de résistance à sec [contexte: cuvier de cassés],0,0,0,0,1,0,1
biocide ratio [contexte: section des presses],0,1,0,0,0,0,0
pâte recyclée (occ) [contexte: hydrocyclone],0,1,0,1,1,0,0
dispersant synthétique [contexte: pompe A],0,0,0,0,1,0,1
retention aids ratio [contexte: hydrocyclone],1,0,0,1,0,0,1
grammage cible [contexte: hydrocyclone],0,0,0,0,0,0,0
pression des presses [contexte: pompe de transfert],0,0,1,1,0,1,0
grammage cible [contexte: bobineuse],0,1,0,0,0,1,1
epaisseur (caliper) [contexte: cuvier de mélange],0,1,0,0,0,0,0
concentration de la pâte (consistance) [contexte: zone de raffinage],1,0,1,1,0,1,0
température de séchage [contexte: table de fabrication],0,0,1,0,1,0,0
résine de résistance à l'état humide (pae) [contexte: pompe B],0,0,0,0,1,0,0
soude caustique (naoh) [contexte: cuvier de mélange],0,1,0,0,0,0,0
opacité [contexte: bobineuse],0,1,1,0,1,0,1
sulfate d'aluminium (alun) [contexte: cuvier machine],0,0,0,0,0,0,1
soude caustique (naoh) [contexte: caisse de tête],1,0,0,1,0,0,1
pâte kraft blanchie de feuillus (bhkp) [contexte: station de dosage],1,0,1,0,0,0,0
biocide non-oxydant [contexte: pompe A],1,0,0,0,0,0,0
biocide ratio [contexte: zone de raffinage],0,0,1,1,1,1,0
pac [contexte: cuvier de mélange],0,0,0,0,0,0,0
fongicide [contexte: table de fabrication],0,0,0,1,0,1,0
porosité gurley [contexte: pompe A],0,0,0,0,0,0,0
colorant bleu direct [contexte: circuit long],0,0,1,1,1,0,0
agent de collage akd [contexte: urgence],0,0,1,0,0,0,0
defoamer 1 (afranil) [contexte: pompe B],1,1,1,1,0,1,0
anti-mousse silicone [contexte: ],0,0,1,0,1,0,0
fiber ratio [contexte: circuit long],0,0,0,0,0,0,1
amidon oxydé [contexte: urgence],0,1,1,0,0,0,0
soude caustique (naoh) [contexte: stockage intermédiaire],1,0,1,0,0,1,0
flocon pulp ratio [contexte: sécherie],0,0,0,0,0,0,0
microparticules de silice [contexte: sécherie],0,0,1,0,1,0,0
potentiel zeta [contexte: section des presses],1,0,1,0,0,0,0
defoamer 2 (erol) [contexte: pompe A],0,0,0,1,0,0,0
microparticules de silice [contexte: cuvier de mélange],0,0,0,1,0,0,0
prestige cleaning aids ratio (prestige) [contexte: stockage intermédiaire],0,1,1,1,0,1,0
fongicide [contexte: section des presses],1,0,0,0,0,0,0
pression des presses [contexte: pompe B],1,1,1,1,0,0,0
acide sulfurique [contexte: bac à eaux blanches],0,0,1,0,0,0,0
potentiel zeta [contexte: ligne principale],0,1,0,0,1,0,0
température de séchage [contexte: silo à pâte],1,0,1,0,0,0,0
pac [contexte: pompe A],0,0,1,0,0,0,0
porosité gurley [contexte: sécherie],0,1,0,0,0,0,0
rugosité bendtsen [contexte: station de dosage],1,0,1,1,1,0,0
pâte désencrée (dip) [contexte: cuvier de cassés],0,0,0,1,0,0,0
standard pulp ratio [contexte: zone de raffinage],0,0,0,0,0,0,1
ph de caisse de tête [contexte: ],0,0,1,1,0,0,1
résine de résistance à l'état humide (pae) [contexte: bobineuse],0,0,1,0,0,1,0
agent de collage akd [contexte: caisse de tête],0,0,0,0,0,0,0
biocide ratio [contexte: station de dosage],0,0,1,0,0,1,0
bentonite [contexte: cuvier de mélange],0,0,0,0,0,0,0
pâte recyclée (occ) [contexte: silo à pâte],0,0,0,1,0,0,0
potentiel zeta [contexte: pompe A],0,0,0,1,1,0,1
conductivité [contexte: zone aspirante],0,0,0,0,0,0,1
sulfate d'aluminium (alun) [contexte: v2],1,0,1,0,0,1,0
eau de dilution [contexte: pompe de transfert],0,0,0,1,0,0,0
pâte recyclée (occ) [contexte: ],1,0,1,0,0,0,1
grammage cible [contexte: pompe B],1,0,0,0,0,0,0
potentiel zeta [contexte: pompe B],0,1,0,0,1,0,0
ph de caisse de tête [contexte: circuit long],0,0,0,0,0,0,1
indice de déchirement [contexte: zone de raffinage],0,1,0,1,0,0,0
amidon oxydé [contexte: caisse de tête],1,1,0,0,0,0,0
amidon natif de maïs [contexte: boucle de régulation],1,0,0,0,0,0,1
biocide non-oxydant [contexte: préparation de la pâte],1,0,0,1,0,0,1
ph de caisse de tête [contexte: pompe A],0,0,0,1,0,1,0
dioxyde de titane (tio2) [contexte: sécherie],0,1,0,0,0,0,1
kaolin calciné [contexte: bac à eaux blanches],0,1,0,0,0,0,0
azurant optique (oba) [contexte: cuvier machine],0,0,0,0,0,0,0
ph de caisse de tête [contexte: pompe de transfert],0,0,0,0,0,0,0
bentonite [contexte: station de dosage],1,0,0,1,0,1,0
defoamer 1 (afranil) [contexte: pompe de transfert],0,0,0,0,0,0,0
porosité gurley [contexte: v2],0,1,0,0,1,0,1
humidité finale [contexte: v2],1,1,1,1,0,1,0
azurant optique (oba) [contexte: pompe A],0,1,1,0,1,0,0
sulfate d'aluminium (alun) [contexte: zone de raffinage],0,0,1,0,1,1,0
copes de bois [contexte: cuvier de cassés],0,1,0,0,0,0,0
polymère de rétention cationique [contexte: épurateur],0,1,0,1,0,1,0
température de séchage [contexte: pompe de transfert],0,0,1,0,0,0,1
acide sulfurique [contexte: hydrocyclone],0,0,0,0,0,0,0
epaisseur (caliper) [contexte: préparation de la pâte],0,1,1,1,0,0,0
indice de déchirement [contexte: hydrocyclone],0,1,0,0,0,1,0
retention aids ratio [contexte: boucle de régulation],0,0,1,0,0,0,0
agent de collage akd [contexte: préparation de la pâte],0,0,0,0,0,1,1
pâte recyclée (occ) [contexte: boucle de régulation],1,0,0,0,0,0,0
pâte mécanique (tmp) [contexte: bac à eaux blanches],0,0,0,0,0,0,0
résine de résistance à l'état humide (pae) [contexte: boucle de régulation],0,1,1,0,1,0,1
pulp ratio [contexte: cuvier de mélange],0,0,0,0,0,0,0
prestige cleaning aids ratio (prestige) [contexte: pompe A],1,1,0,0,0,0,0
concentration de la pâte (consistance) [contexte: table de fabrication],0,1,0,1,0,0,0
epaisseur (caliper) [contexte: station de dosage],0,0,0,0,1,0,0
agent de collage akd [contexte: ligne principale],1,0,1,1,0,0,0
agent de collage colophane [contexte: section des presses],0,1,1,1,1,1,0
vitesse machine [contexte: caisse de tête],0,0,1,0,0,0,0
porosité gurley [contexte: silo à pâte],1,0,0,0,0,0,0
size press [contexte: sécherie],0,1,0,0,0,0,0
opacité [contexte: pompe de transfert],0,0,0,0,0,0,0
concentration de la pâte (consistance) [contexte: station de dosage],0,0,1,0,0,0,0
flocon pulp ratio [contexte: cuvier de mélange],1,0,0,0,1,0,0
concentration de la pâte (consistance) [contexte: pompe B],0,0,1,1,0,0,0
humidité finale [contexte: stockage intermédiaire],0,0,0,0,1,1,0
kaolin calciné [contexte: pompe A],1,0,1,0,0,0,0
dispersant synthétique [contexte: zone aspirante],0,0,1,1,0,0,1
size press [contexte: table de fabrication],0,1,1,0,0,0,0
agent de collage colophane [contexte: pompe de transfert],0,0,1,1,0,1,0
retention aids ratio [contexte: caisse de tête],0,0,0,0,0,1,0
bentonite [contexte: bobineuse],1,1,0,0,0,0,0
size press [contexte: préparation de la pâte],1,0,0,1,1,0,0
microparticules de silice [contexte: circuit court],1,1,1,1,0,0,0
microparticules de silice [contexte: station de dosage],1,0,0,0,0,0,0
size press [contexte: pompe B],0,1,0,0,0,1,0
humidité finale [contexte: pompe de transfert],0,0,0,0,0,1,1
krofta polymer ratio [contexte: pompe B],0,0,0,0,0,0,0
potentiel zeta [contexte: boucle de régulation],0,0,0,0,0,0,0
indice d'éclatement (burst) [contexte: stockage intermédiaire],0,0,0,1,0,0,0
humidité finale [contexte: caisse de tête],0,0,1,0,0,0,0
concentration de la pâte (consistance) [contexte: pompe A],0,0,0,1,0,0,0
bentonite [contexte: section des presses],0,0,0,0,1,0,1
fongicide [contexte: caisse de tête],1,0,0,1,0,0,0
polymère de rétention cationique [contexte: silo à pâte],1,0,0,0,1,0,0
humidité finale [contexte: boucle de régulation],0,1,1,0,0,0,1
microparticules de silice [contexte: ],0,1,0,0,0,0,0
fiber ratio [contexte: zone aspirante],1,0,0,0,0,0,0
standard pulp ratio [contexte: v2],0,1,1,0,0,0,1
bentonite [contexte: urgence],0,0,0,0,0,0,0
prestige cleaning aids ratio (prestige) [contexte: v2],1,0,0,0,1,0,0
fongicide [contexte: bac à eaux blanches],0,0,0,1,1,1,0
soude caustique (naoh) [contexte: silo à pâte],0,1,0,0,0,1,0
biocide non-oxydant [contexte: cuvier de cassés],0,0,0,0,0,0,0
flocon pulp ratio [contexte: hydrocyclone],1,0,0,1,0,0,1
agent de contrôle de la poix (talc) [contexte: v2],1,0,0,0,0,0,1
dioxyde de titane (tio2) [contexte: table de fabrication],0,1,0,1,0,0,0
pâte désencrée (dip) [contexte: cuvier machine],0,0,1,0,1,0,0
biocide oxydant [contexte: pompe B],0,1,0,0,0,1,0
humidité finale [contexte: sécherie],0,0,0,1,1,0,0
amidon oxydé [contexte: zone aspirante],1,0,0,1,0,0,0
standard pulp ratio [contexte: stockage intermédiaire],0,0,0,1,0,0,0
blancheur iso [contexte: cuvier de cassés],0,0,0,0,1,0,0
colorant bleu direct [contexte: caisse de tête],0,0,1,0,0,1,0
size press [contexte: stockage intermédiaire],1,0,0,0,0,0,0
dioxyde de titane (tio2) [contexte: cuvier de cassés],0,0,0,1,0,0,0
rugosité bendtsen [contexte: section des presses],0,1,1,1,1,0,1
polymère de rétention cationique [contexte: urgence],0,1,1,0,0,0,0
pulp ratio [contexte: circuit court],0,1,0,0,0,0,0
acide sulfurique [contexte: cuvier machine],1,0,1,1,0,0,0
starch cationic ratio [contexte: bac à eaux blanches],0,1,0,0,0,0,0
pâte recyclée (occ) [contexte: épurateur],0,0,1,0,1,0,0
prestige cleaning aids ratio (prestige) [contexte: cuvier de mélange],0,1,0,0,0,1,1
carbonate de calcium (gcc) [contexte: circuit court],0,0,1,0,0,1,0
indice de déchirement [contexte: table de fabrication],0,0,1,1,0,0,0
pâte recyclée (occ) [contexte: section des presses],0,0,0,0,0,1,0
opacité [contexte: circuit long],0,0,0,1,0,0,0
indice de déchirement [contexte: ],0,0,0,0,0,0,0
conductivité [contexte: ligne principale],0,0,0,0,1,0,1
azurant optique (oba) [contexte: table de fabrication],0,0,0,1,0,0,0
agent collage asa [contexte: silo à pâte],1,1,1,0,0,1,1
pression des presses [contexte: ligne principale],0,1,0,0,1,1,0
colorant jaune basique [contexte: cuvier de cassés],0,0,0,0,0,0,1
kaolin calciné [contexte: section des presses],0,0,0,0,0,0,0
fiber ratio [contexte: ligne principale],1,0,0,0,0,0,0
grammage cible [contexte: préparation de la pâte],0,0,1,0,1,0,1
pâte recyclée (occ) [contexte: cuvier machine],0,0,0,1,0,0,0
résine de résistance à l'état humide (pae) [contexte: cuvier machine],1,0,0,0,1,0,0
anti-mousse à base d'huile [contexte: silo à pâte],0,0,0,0,1,0,0
soude caustique (naoh) [contexte: station de dosage],0,1,0,0,0,0,1
anti-mousse silicone [contexte: silo à pâte],1,0,1,1,0,0,0
agent de contrôle de la poix (talc) [contexte: zone aspirante],1,0,0,1,0,0,1
opacité [contexte: stockage intermédiaire],0,0,0,0,0,1,0
epaisseur (caliper) [contexte: v2],1,0,0,0,0,1,0
potentiel zeta [contexte: sécherie],0,0,0,0,1,0,0
agent de contrôle de la poix (talc) [contexte: station de dosage],0,1,0,1,0,0,0
flocon pulp ratio [contexte: préparation de la pâte],1,0,0,0,0,1,0
biocide non-oxydant [contexte: ],0,1,1,1,0,1,1
vitesse machine [contexte: section des presses],0,0,0,0,0,0,0
biocide oxydant [contexte: bac à eaux blanches],0,1,0,0,1,0,1
pulp ratio [contexte: stockage intermédiaire],0,0,0,1,1,0,0
azurant optique (oba) [contexte: ],0,0,0,0,0,0,1
grammage cible [contexte: ligne principale],0,0,1,0,0,0,0
fongicide [contexte: ligne principale],0,1,0,0,0,0,1
résine de résistance à l'état humide (pae) [contexte: hydrocyclone],1,0,0,0,1,0,0
anti-mousse à base d'huile [contexte: préparation de la pâte],1,0,0,0,0,0,1
sulfate d'aluminium (alun) [contexte: ligne principale],0,0,0,0,0,0,1
fongicide [contexte: cuvier machine],1,0,0,0,0,0,0
opacité [contexte: cuvier machine],0,0,0,0,0,0,0
blancheur iso [contexte: pompe B],1,0,0,0,0,1,0
azurant optique (oba) [contexte: stockage intermédiaire],0,0,0,0,0,0,0
biocide oxydant [contexte: urgence],0,0,1,0,0,1,0
pâte kraft blanchie de résineux (nbsk) [contexte: zone de raffinage],0,0,0,1,0,1,0
pac [contexte: bobineuse],0,0,0,0,0,0,0
concentration de la pâte (consistance) [contexte: v2],1,0,1,0,0,1,0
krofta polymer ratio [contexte: cuvier machine],0,1,0,0,0,1,0
biocide non-oxydant [contexte: table de fabrication],1,0,0,0,1,0,0
pulp ratio [contexte: table de fabrication],1,1,1,0,0,0,0
retention aids ratio [contexte: table de fabrication],0,1,0,0,0,1,1
anti-mousse à base d'huile [contexte: station de dosage],1,0,0,0,0,0,1
flocon pulp ratio [contexte: silo à pâte],0,0,1,0,1,0,0
sulfate d'aluminium (alun) [contexte: pompe B],0,0,0,0,1,1,0
soude caustique (naoh) [contexte: pompe A],1,0,0,0,1,0,0
polymère de rétention cationique [contexte: ligne principale],1,1,1,1,0,0,0
agent de collage akd [contexte: pompe B],0,0,0,1,0,0,0
conductivité [contexte: caisse de tête],0,0,1,1,0,1,0
fiber ratio [contexte: section des presses],0,0,0,0,1,0,0
polymère de rétention cationique [contexte: pompe B],0,0,0,0,1,0,1
blancheur iso [contexte: préparation de la pâte],0,0,0,1,0,0,1
starch cationic ratio [contexte: stockage intermédiaire],0,0,0,1,0,0,1
vitesse machine [contexte: bac à eaux blanches],0,0,0,0,0,1,1
pression des presses [contexte: zone aspirante],0,1,0,0,0,1,0
colorant bleu direct [contexte: stockage intermédiaire],0,0,0,0,0,0,1
demande chimique en oxygène (dco) [contexte: zone aspirante],0,1,0,0,1,0,0
demande chimique en oxygène (dco) [contexte: station de dosage],0,0,0,1,1,0,1
amidon natif de maïs [contexte: caisse de tête],0,0,0,0,0,0,0
anti-mousse silicone [contexte: pompe de transfert],0,0,0,0,0,0,0
agent de contrôle de la poix (talc) [contexte: cuvier de cassés],0,1,0,0,1,0,0
pression des presses [contexte: bobineuse],1,0,0,0,0,0,0
fongicide [contexte: bobineuse],0,1,0,0,0,0,1
rugosité bendtsen [contexte: pompe A],0,0,0,0,0,0,0
carbonate de calcium (gcc) [contexte: cuvier de cassés],0,0,1,0,0,0,0
kaolin calciné [contexte: urgence],0,1,0,0,0,1,0
agent de collage colophane [contexte: zone de raffinage],0,0,1,0,0,0,0
retention aids ratio [contexte: pompe de transfert],0,0,0,0,1,0,0
résine de résistance à sec [contexte: pompe A],0,0,1,1,0,0,0
defoamer 2 (erol) [contexte: station de dosage],0,1,0,0,0,0,1
microparticules de silice [contexte: table de fabrication],1,0,0,1,0,1,0
defoamer 1 (afranil) [contexte: sécherie],0,0,0,0,1,0,0
colorant rouge acide [contexte: boucle de régulation],0,1,0,0,0,0,0
conductivité [contexte: épurateur],0,1,1,0,0,0,1
température de séchage [contexte: stockage intermédiaire],0,0,1,0,1,0,0
vitesse machine [contexte: stockage intermédiaire],1,0,0,1,0,0,0
carbonate de calcium (gcc) [contexte: v2],0,0,1,1,0,1,0
azurant optique (oba) [contexte: cuvier de cassés],0,0,0,0,1,0,0
flocon pulp ratio [contexte: urgence],0,0,0,0,0,1,0
eau de dilution [contexte: boucle de régulation],0,0,0,0,1,0,0
pac [contexte: section des presses],0,0,0,0,0,0,0
amidon natif de maïs [contexte: section des presses],0,0,0,1,0,1,1
agent de collage akd [contexte: silo à pâte],0,1,0,0,1,0,0
potentiel zeta [contexte: ],0,0,1,0,0,0,0
vitesse machine [contexte: cuvier machine],0,1,0,1,0,1,0
agent collage asa [contexte: hydrocyclone],0,0,1,0,1,1,0
sulfate d'aluminium (alun) [contexte: pompe de transfert],1,0,0,0,0,1,0
blancheur iso [contexte: hydrocyclone],0,0,0,0,0,0,0
pâte mécanique (tmp) [contexte: ligne principale],0,1,0,0,1,0,0
azurant optique (oba) [contexte: bac à eaux blanches],0,0,0,0,1,0,0
dispersant synthétique [contexte: circuit court],1,1,0,1,0,0,0
defoamer 1 (afranil) [contexte: urgence],0,1,0,0,0,1,0
agent de collage colophane [contexte: cuvier machine],0,1,0,0,0,0,1
defoamer 2 (erol) [contexte: bobineuse],1,0,0,0,0,0,1
indice de déchirement [contexte: v2],0,0,0,1,0,0,1
agent de collage akd [contexte: bobineuse],1,0,0,0,0,0,0
grammage cible [contexte: pompe A],0,0,0,1,1,1,0
starch cationic ratio [contexte: préparation de la pâte],0,1,0,0,0,0,0
carbonate de calcium (gcc) [contexte: table de fabrication],0,1,0,0,0,0,0
agent de contrôle de la poix (talc) [contexte: stockage intermédiaire],0,0,0,0,0,0,0
agent de collage colophane [contexte: ],0,0,1,0,1,0,1
conductivité [contexte: hydrocyclone],0,0,0,0,0,0,0
biocide ratio [contexte: sécherie],1,0,1,0,0,0,1
opacité [contexte: circuit court],0,0,1,0,0,0,0
eau de dilution [contexte: section des presses],1,1,0,0,0,0,0
pac [contexte: urgence],0,0,0,0,0,0,1
pâte recyclée (occ) [contexte: table de fabrication],1,0,1,0,0,0,1
eau de dilution [contexte: bobineuse],1,1,0,0,0,0,0
prestige cleaning aids ratio (prestige) [contexte: pompe de transfert],1,1,0,1,0,0,0
agent collage asa [contexte: caisse de tête],0,0,0,0,0,0,0
anti-mousse à base d'huile [contexte: cuvier machine],0,1,0,1,0,0,0
pâte recyclée (occ) [contexte: urgence],0,0,0,0,1,1,0
dispersant synthétique [contexte: cuvier machine],0,1,0,0,1,0,0
epaisseur (caliper) [contexte: caisse de tête],0,1,1,0,0,0,0
agent collage asa [contexte: boucle de régulation],0,0,0,0,0,1,1
prestige cleaning aids ratio (prestige) [contexte: hydrocyclone],0,0,1,0,0,0,0
pâte kraft blanchie de résineux (nbsk) [contexte: cuvier machine],1,0,0,0,0,0,0
température de séchage [contexte: épurateur],0,1,1,0,0,0,0
bentonite [contexte: stockage intermédiaire],0,0,1,0,0,0,1
amidon natif de maïs [contexte: station de dosage],0,1,0,0,1,0,1
amidon oxydé [contexte: pompe B],1,0,0,1,0,0,0
bentonite [contexte: cuvier de cassés],0,0,0,0,0,0,1
porosité gurley [contexte: hydrocyclone],0,0,0,0,1,0,0
blancheur iso [contexte: ligne principale],1,0,1,0,0,0,0
indice de déchirement [contexte: ligne principale],1,0,0,1,0,1,1
conductivité [contexte: table de fabrication],0,0,1,0,0,0,0
biocide oxydant [contexte: épurateur],1,0,0,0,0,0,0
agent de collage akd [contexte: station de dosage],0,0,0,0,0,0,0
humidité finale [contexte: ligne principale],1,0,1,0,1,0,0
colorant jaune basique [contexte: v2],0,0,0,1,0,0,0
vitesse machine [contexte: épurateur],0,0,0,0,0,1,0
standard pulp ratio [contexte: circuit long],0,0,1,1,0,0,1
blancheur iso [contexte: pompe A],0,0,0,0,1,0,0
dioxyde de titane (tio2) [contexte: cuvier machine],0,0,0,0,0,1,0
température de séchage [contexte: bac à eaux blanches],0,0,0,0,1,0,0
soude caustique (naoh) [contexte: table de fabrication],0,0,0,0,0,0,0
pâte kraft blanchie de résineux (nbsk) [contexte: cuvier de cassés],0,1,1,1,1,0,0
microparticules de silice [contexte: zone aspirante],0,1,0,0,0,0,1
defoamer 2 (erol) [contexte: zone aspirante],0,1,0,0,0,0,0
agent de collage colophane [contexte: ligne principale],0,0,0,0,0,0,0
copes de bois [contexte: v2],1,0,0,0,0,0,0
rugosité bendtsen [contexte: préparation de la pâte],0,0,1,0,0,0,1
dioxyde de titane (tio2) [contexte: urgence],1,0,0,0,0,0,0
prestige cleaning aids ratio (prestige) [contexte: cuvier machine],1,0,0,0,0,0,1
krofta polymer ratio [contexte: boucle de régulation],0,1,0,1,0,0,1
rugosité bendtsen [contexte: stockage intermédiaire],0,0,0,0,1,0,0
sulfate d'aluminium (alun) [contexte: préparation de la pâte],1,0,0,0,0,1,0
defoamer 1 (afranil) [contexte: circuit long],1,1,1,0,1,0,0
agent de collage colophane [contexte: station de dosage],0,1,0,0,1,0,1
agent de collage akd [contexte: zone de raffinage],0,1,0,0,0,0,0
colorant rouge acide [contexte: épurateur],1,0,1,0,0,0,0
defoamer 2 (erol) [contexte: hydrocyclone],1,0,0,0,0,0,1
résine de résistance à l'état humide (pae) [contexte: pompe de transfert],1,1,1,0,1,0,1
defoamer 1 (afranil) [contexte: bobineuse],1,0,0,0,0,0,0
agent de collage akd [contexte: cuvier de mélange],0,0,0,1,0,0,0
colorant jaune basique [contexte: épurateur],1,0,0,1,0,0,0
flocon pulp ratio [contexte: bac à eaux blanches],0,1,1,0,1,0,1
defoamer 1 (afranil) [contexte: zone de raffinage],0,0,0,1,0,0,0
pâte mécanique (tmp) [contexte: caisse de tête],0,0,0,0,0,0,0
pâte kraft blanchie de résineux (nbsk) [contexte: caisse de tête],0,0,0,1,0,1,0
pression des presses [contexte: boucle de régulation],0,0,0,0,0,0,0
soude caustique (naoh) [contexte: bobineuse],0,1,0,0,1,1,0
azurant optique (oba) [contexte: zone de raffinage],0,1,0,0,0,0,0
colorant bleu direct [contexte: cuvier machine],1,1,1,1,1,1,0
concentration de la pâte (consistance) [contexte: cuvier machine],0,1,0,0,0,0,0
epaisseur (caliper) [contexte: boucle de régulation],0,0,1,1,0,0,0
anti-mousse silicone [contexte: ligne principale],0,0,0,1,0,0,0
agent de collage colophane [contexte: table de fabrication],0,1,0,0,1,0,0
potentiel zeta [contexte: cuvier de mélange],0,1,0,0,0,0,0
microparticules de silice [contexte: v2],0,0,1,0,0,0,0
pulp ratio [contexte: sécherie],0,0,0,0,0,0,0
defoamer 2 (erol) [contexte: préparation de la pâte],0,1,0,0,1,0,0
krofta polymer ratio [contexte: ligne principale],0,0,0,0,0,1,1
ph de caisse de tête [contexte: zone de raffinage],0,1,0,0,0,0,0
starch cationic ratio [contexte: station de dosage],0,0,0,0,1,1,1
dispersant synthétique [contexte: silo à pâte],0,0,0,1,0,0,0
krofta polymer ratio [contexte: stockage intermédiaire],1,0,0,0,0,0,1
opacité [contexte: boucle de régulation],0,1,0,0,0,0,0
blancheur iso [contexte: circuit court],0,0,0,0,0,1,0
standard pulp ratio [contexte: hydrocyclone],1,0,0,0,1,0,0
amidon oxydé [contexte: station de dosage],1,0,1,0,1,0,0
opacité [contexte: sécherie],1,0,1,0,0,1,1
amidon natif de maïs [contexte: circuit court],0,0,1,0,0,0,0
sulfate d'aluminium (alun) [contexte: table de fabrication],1,0,0,1,1,1,0
size press [contexte: v2],0,1,0,0,0,1,0
pâte désencrée (dip) [contexte: boucle de régulation],0,0,0,0,0,1,1
anti-mousse silicone [contexte: zone de raffinage],0,0,1,1,1,1,0
size press [contexte: épurateur],1,0,0,0,0,0,1
fiber ratio [contexte: bac à eaux blanches],0,0,0,1,0,0,1
pâte désencrée (dip) [contexte: circuit long],0,0,0,0,0,1,1
potentiel zeta [contexte: zone de raffinage],0,0,0,1,1,0,0
microparticules de silice [contexte: bobineuse],1,0,0,0,0,1,0
kaolin calciné [contexte: v2],0,0,0,0,1,0,0
rugosité bendtsen [contexte: circuit long],0,0,0,0,1,0,0
amidon oxydé [contexte: pompe de transfert],0,0,0,0,0,0,1
defoamer 1 (afranil) [contexte: circuit court],0,0,0,0,0,0,0
eau de dilution [contexte: sécherie],0,0,0,0,0,0,0
grammage cible [contexte: station de dosage],0,1,1,0,0,0,0
rugosité bendtsen [contexte: urgence],0,0,0,0,0,0,0
concentration de la pâte (consistance) [contexte: section des presses],0,0,0,0,1,0,1
flocon pulp ratio [contexte: pompe de transfert],1,0,0,0,0,0,1
kaolin calciné [contexte: cuvier machine],0,0,0,1,0,0,1
carbonate de calcium (gcc) [contexte: section des presses],0,0,0,1,0,1,0
indice d'éclatement (burst) [contexte: épurateur],0,0,0,1,0,0,0
blancheur iso [contexte: ],1,1,0,0,0,0,1
anti-mousse silicone [contexte: caisse de tête],0,0,0,0,1,0,0
ph de caisse de tête [contexte: hydrocyclone],0,0,0,0,0,0,1
grammage cible [contexte: cuvier de cassés],0,0,0,0,0,1,0
defoamer 2 (erol) [contexte: sécherie],0,0,0,0,0,0,0
carbonate de calcium (gcc) [contexte: ],0,0,1,1,1,0,0
amidon oxydé [contexte: ],0,1,0,0,0,0,0
demande chimique en oxygène (dco) [contexte: pompe de transfert],0,0,1,0,1,1,0
demande chimique en oxygène (dco) [contexte: section des presses],1,1,0,1,0,1,0
agent collage asa [contexte: urgence],0,0,1,0,1,0,0
conductivité [contexte: cuvier de cassés],0,1,0,0,1,0,0
agent de contrôle de la poix (talc) [contexte: caisse de tête],0,0,0,0,0,0,0
pac [contexte: bac à eaux blanches],0,0,0,0,1,1,0
colorant jaune basique [contexte: préparation de la pâte],1,0,0,0,0,1,0
prestige cleaning aids ratio (prestige) [contexte: urgence],0,1,0,0,0,0,0
agent de collage akd [contexte: boucle de régulation],0,0,0,0,0,0,0
colorant rouge acide [contexte: v2],1,0,0,0,1,1,0
rugosité bendtsen [contexte: zone de raffinage],0,0,1,0,0,1,0
agent de contrôle de la poix (talc) [contexte: hydrocyclone],0,0,1,0,1,1,0
agent de collage colophane [contexte: silo à pâte],0,0,0,0,1,0,0
acide sulfurique [contexte: v2],1,0,0,0,0,1,0
température de séchage [contexte: hydrocyclone],0,0,0,0,0,1,1
defoamer 1 (afranil) [contexte: v2],0,1,0,0,0,0,1
colorant rouge acide [contexte: cuvier de cassés],0,0,0,0,0,0,1
size press [contexte: pompe de transfert],0,1,0,0,1,1,0
vitesse machine [contexte: urgence],1,0,0,0,1,1,0
bentonite [contexte: préparation de la pâte],1,0,0,0,0,0,1
acide sulfurique [contexte: circuit court],0,0,0,1,0,0,0
soude caustique (naoh) [contexte: urgence],0,0,0,0,0,1,0
anti-mousse à base d'huile [contexte: bobineuse],1,0,0,0,0,0,1
ph de caisse de tête [contexte: cuvier de cassés],0,0,0,0,1,1,1
acide sulfurique [contexte: épurateur],0,0,0,0,1,0,1
porosité gurley [contexte: ],0,1,0,0,0,0,1
azurant optique (oba) [contexte: section des presses],0,0,0,0,0,0,0
eau de dilution [contexte: ligne principale],1,0,0,1,0,0,1
demande chimique en oxygène (dco) [contexte: ],0,0,0,0,0,1,0
résine de résistance à sec [contexte: cuvier machine],0,1,0,1,0,0,0
size press [contexte: cuvier de cassés],0,0,0,1,0,1,0
humidité finale [contexte: section des presses],0,0,0,0,0,1,0
flocon pulp ratio [contexte: zone de raffinage],0,0,0,0,0,0,0
standard pulp ratio [contexte: circuit court],0,0,1,0,0,0,0
krofta polymer ratio [contexte: pompe A],0,0,0,0,0,1,0
defoamer 1 (afranil) [contexte: section des presses],0,0,1,0,1,0,0
pac [contexte: boucle de régulation],0,0,0,1,0,1,0
krofta polymer ratio [contexte: bac à eaux blanches],0,0,0,0,0,0,1
rugosité bendtsen [contexte: v2],0,0,0,1,1,1,0
colorant rouge acide [contexte: hydrocyclone],0,0,1,0,0,0,0
indice d'éclatement (burst) [contexte: bac à eaux blanches],0,0,0,0,0,0,0
azurant optique (oba) [contexte: zone aspirante],1,0,1,0,0,0,0
biocide ratio [contexte: cuvier machine],0,0,0,0,0,0,0
polymère de rétention cationique [contexte: circuit court],0,0,1,0,0,1,0
biocide ratio [contexte: préparation de la pâte],0,1,0,1,1,1,1
pac [contexte: cuvier machine],0,0,0,0,1,0,0
pâte recyclée (occ) [contexte: ligne principale],0,0,0,0,1,1,1
fiber ratio [contexte: silo à pâte],0,0,0,0,0,1,0
defoamer 1 (afranil) [contexte: hydrocyclone],1,0,1,1,1,0,0
eau de dilution [contexte: hydrocyclone],1,1,0,0,1,0,0
concentration de la pâte (consistance) [contexte: préparation de la pâte],0,0,0,0,1,0,0
indice de déchirement [contexte: caisse de tête],0,0,0,1,0,1,0
agent collage asa [contexte: cuvier de cassés],0,0,0,0,0,0,0
pâte kraft blanchie de résineux (nbsk) [contexte: pompe A],0,0,1,0,0,0,0
colorant jaune basique [contexte: zone aspirante],0,0,0,0,0,0,0
pression des presses [contexte: cuvier de mélange],0,1,0,0,0,0,0
azurant optique (oba) [contexte: préparation de la pâte],1,0,0,0,0,0,0
bentonite [contexte: sécherie],0,1,1,0,1,1,1
copes de bois [contexte: silo à pâte],0,0,0,1,0,0,1
agent de collage akd [contexte: cuvier de cassés],0,0,1,1,0,0,1
conductivité [contexte: station de dosage],0,0,0,0,0,1,0
standard pulp ratio [contexte: table de fabrication],0,0,1,0,0,0,0
amidon oxydé [contexte: cuvier de mélange],0,0,0,0,0,0,0
sulfate d'aluminium (alun) [contexte: stockage intermédiaire],0,0,0,0,0,1,0
résine de résistance à sec [contexte: urgence],0,0,1,0,0,0,0
biocide non-oxydant [contexte: sécherie],0,0,0,0,0,0,0
colorant jaune basique [contexte: zone de raffinage],1,0,0,0,0,0,0
pâte kraft blanchie de résineux (nbsk) [contexte: pompe B],0,0,0,0,0,0,1
pac [contexte: v2],0,0,0,0,1,0,0
fiber ratio [contexte: boucle de régulation],0,1,0,0,0,0,1
résine de résistance à l'état humide (pae) [contexte: caisse de tête],0,0,1,0,0,0,0
agent collage asa [contexte: circuit long],0,0,0,0,1,0,0
acide sulfurique [contexte: ],0,0,1,0,1,1,1
résine de résistance à sec [contexte: section des presses],0,1,0,0,1,0,0
eau de dilution [contexte: ],0,0,0,0,1,0,1
fongicide [contexte: stockage intermédiaire],1,0,0,0,0,0,0
bentonite [contexte: table de fabrication],0,0,1,0,0,1,0
size press [contexte: zone de raffinage],0,1,0,1,0,0,0
colorant jaune basique [contexte: urgence],0,0,0,0,0,0,0
microparticules de silice [contexte: urgence],0,0,0,1,0,0,0
potentiel zeta [contexte: silo à pâte],0,0,0,0,0,0,0
pulp ratio [contexte: cuvier de cassés],0,0,1,0,0,0,0
demande chimique en oxygène (dco) [contexte: cuvier machine],0,0,1,0,0,0,0
pâte kraft blanchie de feuillus (bhkp) [contexte: boucle de régulation],0,1,0,1,0,0,0
amidon oxydé [contexte: section des presses],0,1,0,0,0,0,0
flocon pulp ratio [contexte: épurateur],0,0,0,1,1,0,0
defoamer 1 (afranil) [contexte: cuvier de cassés],0,0,0,1,1,0,0
size press [contexte: circuit court],1,0,0,1,0,0,0
sulfate d'aluminium (alun) [contexte: boucle de régulation],0,1,0,0,0,0,0
pâte désencrée (dip) [contexte: hydrocyclone],0,0,1,0,0,0,0
indice de déchirement [contexte: circuit long],0,0,0,0,0,0,1
indice d'éclatement (burst) [contexte: cuvier machine],1,1,1,0,0,0,0
blancheur iso [contexte: station de dosage],1,1,0,0,0,0,0
indice d'éclatement (burst) [contexte: cuvier de cassés],0,1,0,0,1,0,1
fongicide [contexte: sécherie],0,0,0,0,0,0,0
dioxyde de titane (tio2) [contexte: cuvier de mélange],0,0,0,1,0,0,0
indice de déchirement [contexte: zone aspirante],0,0,0,0,0,0,1
epaisseur (caliper) [contexte: cuvier machine],0,1,0,0,0,0,0
amidon oxydé [contexte: bac à eaux blanches],0,0,1,0,0,0,0
biocide ratio [contexte: cuvier de cassés],1,0,0,1,0,1,1
humidité finale [contexte: préparation de la pâte],0,1,1,1,1,0,1
amidon natif de maïs [contexte: pompe B],1,0,0,0,1,0,0
eau de dilution [contexte: circuit court],1,1,0,0,1,1,0
eau de dilution [contexte: cuvier machine],1,0,1,0,0,0,1
agent de collage colophane [contexte: pompe A],0,0,0,0,0,0,0
fongicide [contexte: zone de raffinage],0,0,0,1,0,1,1
colorant rouge acide [contexte: urgence],0,0,0,0,0,1,1
pâte désencrée (dip) [contexte: ],1,0,0,0,0,0,0
température de séchage [contexte: boucle de régulation],0,1,1,0,0,0,0
pulp ratio [contexte: station de dosage],0,0,0,0,0,0,0
polymère de rétention cationique [contexte: bobineuse],0,1,0,0,0,1,0
kaolin calciné [contexte: zone de raffinage],1,0,0,0,1,0,1
defoamer 2 (erol) [contexte: section des presses],0,0,0,0,0,0,0
amidon oxydé [contexte: circuit long],0,0,1,0,0,0,0
opacité [contexte: ligne principale],0,0,1,1,0,1,1
starch cationic ratio [contexte: cuvier de mélange],0,0,1,0,1,1,0
sulfate d'aluminium (alun) [contexte: section des presses],0,0,0,0,1,0,1
blancheur iso [contexte: silo à pâte],0,0,0,0,0,0,1
azurant optique (oba) [contexte: caisse de tête],1,1,1,1,0,0,0
eau de dilution [contexte: cuvier de cassés],0,0,1,1,0,1,0
pâte désencrée (dip) [contexte: v2],0,0,0,0,1,0,1
résine de résistance à sec [contexte: hydrocyclone],0,0,0,0,1,1,0
eau de dilution [contexte: préparation de la pâte],0,0,0,1,1,1,0
anti-mousse silicone [contexte: épurateur],1,0,0,0,0,0,0
pâte kraft blanchie de feuillus (bhkp) [contexte: stockage intermédiaire],0,1,0,1,1,0,0
pâte kraft blanchie de résineux (nbsk) [contexte: pompe de transfert],0,0,0,0,1,0,1
amidon natif de maïs [contexte: v2],0,0,1,0,0,0,1
indice de déchirement [contexte: urgence],0,0,0,0,1,0,0
conductivité [contexte: boucle de régulation],0,0,0,1,0,0,0
vitesse machine [contexte: ligne principale],0,0,1,1,0,0,0
porosité gurley [contexte: épurateur],0,0,1,0,0,0,0
microparticules de silice [contexte: ligne principale],0,0,1,1,0,1,0
soude caustique (naoh) [contexte: circuit long],0,0,0,0,0,0,0
copes de bois [contexte: hydrocyclone],0,0,0,0,0,0,1
soude caustique (naoh) [contexte: cuvier machine],0,0,1,0,1,0,0
dispersant synthétique [contexte: zone de raffinage],1,0,1,0,0,0,0
biocide non-oxydant [contexte: boucle de régulation],1,0,1,1,0,0,1
bentonite [contexte: caisse de tête],0,0,0,1,1,1,0
indice de déchirement [contexte: station de dosage],0,1,0,0,0,1,0
agent de collage colophane [contexte: épurateur],0,0,0,1,1,0,1
bentonite [contexte: cuvier machine],0,1,1,0,0,0,0
anti-mousse à base d'huile [contexte: table de fabrication],0,1,0,0,1,0,0
colorant jaune basique [contexte: pompe de transfert],0,0,0,0,0,0,0
pâte désencrée (dip) [contexte: section des presses],0,0,0,0,0,1,0
opacité [contexte: bac à eaux blanches],1,0,0,0,0,0,0
microparticules de silice [contexte: stockage intermédiaire],0,1,1,1,0,0,0
dioxyde de titane (tio2) [contexte: caisse de tête],1,0,0,0,1,1,0
dispersant synthétique [contexte: table de fabrication],0,0,1,1,1,0,0
colorant jaune basique [contexte: stockage intermédiaire],1,1,1,0,1,0,0
krofta polymer ratio [contexte: silo à pâte],0,0,0,0,0,1,1
biocide oxydant [contexte: ligne principale],0,0,0,0,0,0,0
grammage cible [contexte: caisse de tête],0,0,0,0,0,0,1
indice d'éclatement (burst) [contexte: section des presses],0,0,0,0,0,1,0
demande chimique en oxygène (dco) [contexte: urgence],1,0,0,1,1,1,0
blancheur iso [contexte: urgence],0,1,0,0,0,0,0
standard pulp ratio [contexte: cuvier machine],0,0,0,0,0,0,1
pâte kraft blanchie de résineux (nbsk) [contexte: épurateur],0,0,0,0,0,1,0
retention aids ratio [contexte: circuit long],1,0,0,0,0,0,0
colorant bleu direct [contexte: section des presses],0,0,0,0,0,0,0
demande chimique en oxygène (dco) [contexte: boucle de régulation],0,1,1,0,0,0,0
rugosité bendtsen [contexte: caisse de tête],0,0,0,1,0,0,1
ph de caisse de tête [contexte: boucle de régulation],0,0,0,0,0,1,0
azurant optique (oba) [contexte: ligne principale],0,0,0,0,1,1,0
colorant rouge acide [contexte: bobineuse],0,0,1,0,0,0,1
starch cationic ratio [contexte: zone de raffinage],0,0,0,0,0,1,1
fiber ratio [contexte: pompe B],0,1,0,0,0,0,0
acide sulfurique [contexte: boucle de régulation],0,0,1,0,0,0,0
vitesse machine [contexte: station de dosage],0,0,0,1,0,0,0
standard pulp ratio [contexte: épurateur],0,0,0,0,0,0,0
porosité gurley [contexte: cuvier de cassés],0,1,0,1,0,0,0
biocide non-oxydant [contexte: v2],0,0,1,0,0,0,0
fiber ratio [contexte: pompe de transfert],0,1,1,0,0,1,0
opacité [contexte: ],0,1,1,0,0,0,0
standard pulp ratio [contexte: boucle de régulation],0,0,0,0,0,1,1
pâte mécanique (tmp) [contexte: épurateur],0,0,0,1,1,1,1
pâte désencrée (dip) [contexte: station de dosage],0,0,1,0,0,0,0
fiber ratio [contexte: zone de raffinage],0,0,0,0,0,0,0
krofta polymer ratio [contexte: cuvier de cassés],1,0,0,0,0,0,0
résine de résistance à l'état humide (pae) [contexte: stockage intermédiaire],1,1,0,1,0,0,1
biocide non-oxydant [contexte: stockage intermédiaire],0,0,0,0,0,0,0
eau de dilution [contexte: circuit long],0,0,0,0,1,0,0
starch cationic ratio [contexte: circuit long],1,1,0,0,0,0,0
standard pulp ratio [contexte: pompe de transfert],0,0,0,0,1,1,0
anti-mousse silicone [contexte: pompe B],1,0,0,1,0,0,1
potentiel zeta [contexte: cuvier machine],0,0,0,0,0,1,0
starch cationic ratio [contexte: bobineuse],1,0,0,1,0,0,0
indice de déchirement [contexte: pompe de transfert],0,1,0,0,1,0,0
size press [contexte: urgence],0,0,1,0,1,1,0
agent collage asa [contexte: ligne principale],0,0,0,0,1,1,0
standard pulp ratio [contexte: bobineuse],1,1,0,0,0,0,0
carbonate de calcium (gcc) [contexte: bobineuse],0,0,0,0,0,0,1
biocide non-oxydant [contexte: hydrocyclone],0,0,0,0,1,0,0
colorant bleu direct [contexte: station de dosage],1,0,0,0,1,1,0
copes de bois [contexte: ],1,0,0,0,1,1,0
agent de collage akd [contexte: v2],0,0,1,1,0,0,1
microparticules de silice [contexte: bac à eaux blanches],0,0,0,0,1,0,0
grammage cible [contexte: v2],1,0,1,0,0,0,1
defoamer 1 (afranil) [contexte: pompe A],0,0,0,0,0,1,0
soude caustique (naoh) [contexte: pompe B],0,0,0,0,0,0,0
acide sulfurique [contexte: table de fabrication],0,0,0,0,1,0,0
colorant rouge acide [contexte: pompe B],0,0,0,0,1,0,0
résine de résistance à sec [contexte: table de fabrication],0,1,0,0,0,0,0
grammage cible [contexte: sécherie],0,0,0,0,0,0,1
size press [contexte: station de dosage],1,1,1,0,0,0,0
biocide ratio [contexte: caisse de tête],0,0,0,0,1,0,0
pâte kraft blanchie de résineux (nbsk) [contexte: sécherie],1,0,0,1,0,1,0
rugosité bendtsen [contexte: ligne principale],0,0,0,0,0,1,1
amidon natif de maïs [contexte: épurateur],1,1,0,1,0,0,0
fiber ratio [contexte: caisse de tête],0,0,0,0,0,0,0
retention aids ratio [contexte: silo à pâte],0,0,0,0,0,0,1
acide sulfurique [contexte: pompe A],0,0,0,1,0,0,0
biocide non-oxydant [contexte: pompe de transfert],0,1,0,0,0,0,0
demande chimique en oxygène (dco) [contexte: bac à eaux blanches],1,1,0,0,0,0,1
agent collage asa [contexte: pompe A],0,1,1,0,0,0,0
starch cationic ratio [contexte: pompe B],0,0,0,0,1,0,0
polymère de rétention cationique [contexte: section des presses],0,0,0,0,0,0,0
biocide non-oxydant [contexte: urgence],0,1,0,0,0,0,0
flocon pulp ratio [contexte: bobineuse],1,0,0,0,0,0,1
bentonite [contexte: épurateur],1,0,0,0,0,0,1
potentiel zeta [contexte: urgence],0,0,0,0,0,1,0
dispersant synthétique [contexte: pompe B],0,0,0,1,0,0,1
defoamer 2 (erol) [contexte: circuit long],0,0,1,1,0,0,0
pâte recyclée (occ) [contexte: sécherie],0,0,0,0,1,0,1
pulp ratio [contexte: bobineuse],1,0,0,0,0,1,0
blancheur iso [contexte: bobineuse],0,0,0,0,1,0,0
pac [contexte: sécherie],0,1,0,0,1,0,0
indice d'éclatement (burst) [contexte: circuit long],0,0,0,1,0,0,0
pulp ratio [contexte: circuit long],0,0,0,0,0,0,0
pâte kraft blanchie de feuillus (bhkp) [contexte: cuvier de mélange],0,0,0,0,0,0,0
carbonate de calcium (gcc) [contexte: bac à eaux blanches],1,1,0,0,0,0,0
dispersant synthétique [contexte: cuvier de mélange],0,0,1,1,0,0,0
soude caustique (naoh) [contexte: zone aspirante],0,0,0,0,0,0,0
fongicide [contexte: pompe A],0,0,0,0,1,1,1
flocon pulp ratio [contexte: boucle de régulation],0,1,0,1,0,0,0
agent collage asa [contexte: sécherie],1,0,0,1,0,0,0
amidon natif de maïs [contexte: préparation de la pâte],0,0,1,0,1,1,0
bentonite [contexte: pompe de transfert],0,1,0,1,1,0,0
indice d'éclatement (burst) [contexte: sécherie],0,0,0,0,0,1,0
anti-mousse silicone [contexte: hydrocyclone],1,1,0,0,0,1,0
defoamer 2 (erol) [contexte: stockage intermédiaire],0,0,0,0,0,1,0
acide sulfurique [contexte: circuit long],1,0,0,0,0,1,1
résine de résistance à sec [contexte: v2],1,0,0,0,1,0,0
pression des presses [contexte: caisse de tête],0,0,0,0,0,0,0
fiber ratio [contexte: table de fabrication],1,1,0,1,1,0,0
agent de contrôle de la poix (talc) [contexte: urgence],0,0,0,0,0,1,0
amidon oxydé [contexte: boucle de régulation],0,1,0,0,0,1,0
résine de résistance à sec [contexte: boucle de régulation],0,0,0,1,0,0,0
agent collage asa [contexte: zone aspirante],0,0,0,0,0,0,0
rugosité bendtsen [contexte: boucle de régulation],0,0,1,0,1,0,1
carbonate de calcium (gcc) [contexte: zone de raffinage],0,0,0,0,0,1,0
microparticules de silice [contexte: silo à pâte],1,0,0,0,0,1,0
résine de résistance à sec [contexte: silo à pâte],1,1,0,0,0,0,0
anti-mousse à base d'huile [contexte: pompe A],0,0,0,1,1,0,0
vitesse machine [contexte: circuit long],0,1,0,1,1,0,0
blancheur iso [contexte: circuit long],0,0,0,1,0,0,0
rugosité bendtsen [contexte: pompe B],1,0,0,0,0,1,0
dispersant synthétique [contexte: pompe de transfert],0,0,0,0,1,0,0
résine de résistance à l'état humide (pae) [contexte: pompe A],0,0,0,0,0,0,0
carbonate de calcium (gcc) [contexte: épurateur],0,1,0,0,0,0,0
résine de résistance à sec [contexte: pompe de transfert],0,1,0,0,0,1,0
colorant bleu direct [contexte: bac à eaux blanches],0,1,0,0,0,0,0
blancheur iso [contexte: caisse de tête],0,1,0,1,0,0,0
pâte recyclée (occ) [contexte: caisse de tête],0,0,0,0,0,0,0
colorant jaune basique [contexte: caisse de tête],0,0,0,0,0,0,0
pression des presses [contexte: sécherie],0,0,1,0,0,0,1
prestige cleaning aids ratio (prestige) [contexte: circuit court],1,1,0,0,0,0,0
résine de résistance à l'état humide (pae) [contexte: circuit court],1,1,0,0,1,0,0
opacité [contexte: section des presses],1,1,0,0,0,0,0
sulfate d'aluminium (alun) [contexte: station de dosage],0,0,1,1,1,0,1
retention aids ratio [contexte: urgence],0,0,0,0,0,0,1
carbonate de calcium (gcc) [contexte: cuvier de mélange],0,0,0,0,1,0,0
concentration de la pâte (consistance) [contexte: silo à pâte],0,0,0,0,1,0,1
vitesse machine [contexte: silo à pâte],1,0,0,0,0,1,0
indice de déchirement [contexte: bac à eaux blanches],0,0,0,0,0,0,0
eau de dilution [contexte: bac à eaux blanches],0,1,0,0,0,0,0
agent de collage colophane [contexte: circuit court],0,0,0,1,0,1,0
biocide ratio [contexte: silo à pâte],1,1,1,1,1,0,0
pâte désencrée (dip) [contexte: table de fabrication],0,0,0,1,0,1,0
température de séchage [contexte: caisse de tête],0,1,1,0,0,1,1
pâte kraft blanchie de résineux (nbsk) [contexte: boucle de régulation],0,0,0,1,0,0,0
soude caustique (naoh) [contexte: hydrocyclone],0,0,0,0,0,0,0
agent de contrôle de la poix (talc) [contexte: ligne principale],0,0,1,0,1,0,1
pâte mécanique (tmp) [contexte: cuvier de mélange],0,0,0,0,1,0,0
defoamer 1 (afranil) [contexte: bac à eaux blanches],0,0,0,0,0,0,1
agent de collage colophane [contexte: préparation de la pâte],0,0,0,1,0,1,0
demande chimique en oxygène (dco) [contexte: table de fabrication],0,1,0,0,0,0,0
starch cationic ratio [contexte: caisse de tête],0,0,1,1,1,0,0
defoamer 2 (erol) [contexte: ligne principale],0,0,0,0,0,0,0
copes de bois [contexte: pompe de transfert],0,0,0,1,0,1,0
biocide oxydant [contexte: cuvier machine],0,1,0,0,1,1,0
grammage cible [contexte: bac à eaux blanches],0,0,1,1,0,0,0
porosité gurley [contexte: pompe de transfert],0,1,1,0,0,0,1
krofta polymer ratio [contexte: bobineuse],0,0,0,0,0,0,1
amidon oxydé [contexte: pompe A],0,0,0,0,0,0,0
agent de collage akd [contexte: pompe de transfert],0,0,0,0,1,1,1
flocon pulp ratio [contexte: stockage intermédiaire],0,0,0,0,0,0,0
indice d'éclatement (burst) [contexte: bobineuse],0,0,1,1,0,0,0
opacité [contexte: hydrocyclone],0,1,0,0,0,0,0
porosité gurley [contexte: préparation de la pâte],0,1,0,1,0,0,0
pâte mécanique (tmp) [contexte: circuit long],0,0,0,1,1,1,1
sulfate d'aluminium (alun) [contexte: circuit court],0,0,0,0,1,0,0
rugosité bendtsen [contexte: zone aspirante],0,0,0,0,0,0,0
amidon oxydé [contexte: zone de raffinage],0,1,0,0,0,1,1
dispersant synthétique [contexte: épurateur],1,1,1,0,1,1,1
opacité [contexte: préparation de la pâte],0,0,0,1,1,1,0
colorant bleu direct [contexte: hydrocyclone],1,1,0,0,0,0,0
vitesse machine [contexte: boucle de régulation],1,0,0,0,1,0,0
eau de dilution [contexte: caisse de tête],0,0,1,0,0,0,0
conductivité [contexte: cuvier de mélange],1,1,1,0,0,1,0
colorant rouge acide [contexte: sécherie],1,0,1,0,0,1,1
pression des presses [contexte: section des presses],0,0,0,0,1,0,0
standard pulp ratio [contexte: cuvier de mélange],0,0,0,0,0,0,1
conductivité [contexte: sécherie],0,0,1,1,1,0,1
anti-mousse à base d'huile [contexte: v2],0,0,1,1,0,0,0
porosité gurley [contexte: circuit court],0,0,1,1,0,0,0
pulp ratio [contexte: bac à eaux blanches],0,0,1,1,0,0,0
pulp ratio [contexte: urgence],0,0,0,0,0,0,0
agent de collage akd [contexte: circuit long],0,1,0,0,1,1,0
epaisseur (caliper) [contexte: ligne principale],0,1,0,1,0,1,1
copes de bois [contexte: caisse de tête],1,0,1,0,0,0,0
vitesse machine [contexte: zone aspirante],1,0,0,0,1,0,1
conductivité [contexte: silo à pâte],0,0,1,1,0,0,0
température de séchage [contexte: urgence],0,0,0,0,0,1,0
standard pulp ratio [contexte: bac à eaux blanches],0,0,0,0,0,0,1
retention aids ratio [contexte: cuvier machine],0,0,0,0,1,0,0
eau de dilution [contexte: urgence],1,0,0,0,0,0,0
résine de résistance à sec [contexte: préparation de la pâte],0,0,0,1,1,1,0
polymère de rétention cationique [contexte: ],1,1,0,1,0,0,0
biocide ratio [contexte: stockage intermédiaire],0,0,1,0,0,0,0
conductivité [contexte: ],0,0,0,1,1,1,0
résine de résistance à l'état humide (pae) [contexte: zone de raffinage],1,1,0,0,0,0,0
kaolin calciné [contexte: pompe de transfert],1,1,0,0,1,1,1
porosité gurley [contexte: station de dosage],0,0,0,1,0,0,0
sulfate d'aluminium (alun) [contexte: urgence],0,0,0,1,0,0,0
agent de collage akd [contexte: cuvier machine],1,0,0,0,0,0,0
dispersant synthétique [contexte: préparation de la pâte],0,1,0,0,1,0,0
opacité [contexte: épurateur],0,1,0,0,1,1,1
indice de déchirement [contexte: pompe B],1,0,0,0,0,0,0
copes de bois [contexte: zone de raffinage],0,1,0,0,0,0,1
copes de bois [contexte: station de dosage],0,0,0,0,0,0,0
résine de résistance à l'état humide (pae) [contexte: bac à eaux blanches],1,1,0,0,0,1,1
agent de contrôle de la poix (talc) [contexte: boucle de régulation],1,1,1,1,0,0,0
carbonate de calcium (gcc) [contexte: préparation de la pâte],0,1,0,0,0,0,1
pâte kraft blanchie de feuillus (bhkp) [contexte: bobineuse],1,0,0,1,0,1,0
kaolin calciné [contexte: ligne principale],0,0,0,0,0,0,1
concentration de la pâte (consistance) [contexte: cuvier de cassés],0,0,0,1,0,0,0
acide sulfurique [contexte: zone aspirante],0,0,0,0,0,0,0
colorant rouge acide [contexte: bac à eaux blanches],0,0,0,1,1,0,0
anti-mousse silicone [contexte: boucle de régulation],0,0,0,1,0,0,0
pac [contexte: hydrocyclone],0,0,0,1,0,0,0
epaisseur (caliper) [contexte: circuit long],0,0,0,0,0,1,0
kaolin calciné [contexte: cuvier de mélange],0,0,0,0,1,0,0
pâte désencrée (dip) [contexte: caisse de tête],0,0,0,0,0,1,0
pulp ratio [contexte: ligne principale],1,1,0,1,0,0,0
résine de résistance à l'état humide (pae) [contexte: circuit long],0,0,0,0,0,0,0
grammage cible [contexte: zone de raffinage],1,1,1,1,0,0,0
defoamer 2 (erol) [contexte: v2],0,1,1,0,0,0,1
carbonate de calcium (gcc) [contexte: hydrocyclone],0,0,0,0,0,0,0
standard pulp ratio [contexte: préparation de la pâte],1,0,0,0,0,0,0
anti-mousse silicone [contexte: préparation de la pâte],0,0,0,0,0,1,0
krofta polymer ratio [contexte: circuit long],0,0,0,1,0,0,0
anti-mousse à base d'huile [contexte: section des presses],0,0,0,0,0,0,0
grammage cible [contexte: silo à pâte],0,1,0,0,0,0,0
pâte kraft blanchie de résineux (nbsk) [contexte: station de dosage],0,0,1,0,0,1,1
humidité finale [contexte: station de dosage],0,1,1,1,1,0,0
epaisseur (caliper) [contexte: ],1,0,0,0,0,0,0
pulp ratio [contexte: cuvier machine],1,0,0,0,0,0,0
amidon natif de maïs [contexte: zone aspirante],0,0,0,0,0,0,0
starch cationic ratio [contexte: v2],0,0,0,0,0,0,1
anti-mousse à base d'huile [contexte: boucle de régulation],1,0,0,0,0,1,0
indice d'éclatement (burst) [contexte: zone de raffinage],0,0,1,0,1,0,0
conductivité [contexte: zone de raffinage],0,1,0,1,0,0,0
pâte désencrée (dip) [contexte: stockage intermédiaire],0,0,0,0,0,0,0
biocide oxydant [contexte: zone aspirante],0,0,0,0,0,0,0
bentonite [contexte: hydrocyclone],0,0,0,1,0,0,0
humidité finale [contexte: pompe A],0,1,1,0,0,0,1
potentiel zeta [contexte: zone aspirante],0,1,1,0,0,0,1
potentiel zeta [contexte: stockage intermédiaire],0,0,0,0,0,0,0
microparticules de silice [contexte: section des presses],0,0,0,0,1,0,1
agent de contrôle de la poix (talc) [contexte: ],0,1,0,1,1,0,0
demande chimique en oxygène (dco) [contexte: stockage intermédiaire],0,0,0,0,1,1,0
ph de caisse de tête [contexte: bobineuse],0,0,0,1,0,0,0
agent de contrôle de la poix (talc) [contexte: cuvier machine],1,0,0,0,0,0,1
anti-mousse à base d'huile [contexte: cuvier de cassés],0,1,0,0,0,0,1
ph de caisse de tête [contexte: bac à eaux blanches],0,1,1,0,0,1,0
dioxyde de titane (tio2) [contexte: v2],0,0,0,0,1,1,1
carbonate de calcium (gcc) [contexte: boucle de régulation],1,0,1,0,0,0,0
carbonate de calcium (gcc) [contexte: pompe de transfert],0,0,0,1,0,0,1
colorant rouge acide [contexte: pompe A],0,1,1,0,0,0,0
ph de caisse de tête [contexte: sécherie],0,0,0,0,1,0,0
demande chimique en oxygène (dco) [contexte: préparation de la pâte],0,0,0,0,0,0,0
agent collage asa [contexte: épurateur],0,0,0,0,0,0,0
agent de contrôle de la poix (talc) [contexte: pompe B],0,0,1,1,0,0,0
agent de collage akd [contexte: ],0,0,1,0,0,1,0
colorant jaune basique [contexte: table de fabrication],1,0,0,0,0,1,0
starch cationic ratio [contexte: table de fabrication],0,0,1,0,0,1,0
krofta polymer ratio [contexte: table de fabrication],0,0,0,0,0,0,0
azurant optique (oba) [contexte: boucle de régulation],0,0,1,0,0,0,0
krofta polymer ratio [contexte: préparation de la pâte],0,1,0,0,0,0,0
grammage cible [contexte: urgence],1,1,0,0,0,0,1
agent collage asa [contexte: pompe B],0,0,1,1,1,0,0
pâte recyclée (occ) [contexte: préparation de la pâte],0,1,0,1,0,0,0
pulp ratio [contexte: v2],0,1,0,0,0,0,0
carbonate de calcium (gcc) [contexte: station de dosage],0,0,0,0,1,0,0
porosité gurley [contexte: caisse de tête],1,0,0,0,1,0,0
biocide ratio [contexte: pompe B],1,0,0,0,0,0,0
pâte kraft blanchie de résineux (nbsk) [contexte: circuit court],0,0,1,0,0,0,0
prestige cleaning aids ratio (prestige) [contexte: bac à eaux blanches],0,0,0,0,0,0,1
amidon oxydé [contexte: stockage intermédiaire],1,0,0,0,1,0,1
acide sulfurique [contexte: zone de raffinage],0,0,1,1,0,0,0
pâte mécanique (tmp) [contexte: zone aspirante],0,1,0,0,0,1,0
bentonite [contexte: zone aspirante],1,0,1,0,1,0,1
fiber ratio [contexte: bobineuse],0,0,0,1,1,0,0
pulp ratio [contexte: silo à pâte],0,0,0,0,0,1,0
colorant rouge acide [contexte: caisse de tête],1,1,0,0,0,0,0
vitesse machine [contexte: v2],0,0,0,0,0,0,0
indice d'éclatement (burst) [contexte: silo à pâte],0,0,0,1,0,0,0
pâte désencrée (dip) [contexte: cuvier de mélange],0,0,0,0,0,1,0
carbonate de calcium (gcc) [contexte: cuvier machine],0,0,0,0,0,0,0
colorant rouge acide [contexte: ],0,0,0,0,0,0,1
agent de collage akd [contexte: section des presses],0,0,0,0,0,0,1
opacité [contexte: pompe B],0,1,0,0,0,0,0
pâte recyclée (occ) [contexte: stockage intermédiaire],0,0,0,1,0,1,0
biocide non-oxydant [contexte: circuit court],1,0,1,0,1,0,0
pâte kraft blanchie de résineux (nbsk) [contexte: cuvier de mélange],0,0,1,0,0,0,0
grammage cible [contexte: circuit long],0,0,0,0,1,1,1
microparticules de silice [contexte: pompe B],0,0,1,1,0,1,0
amidon natif de maïs [contexte: cuvier de cassés],0,0,0,0,1,0,1
defoamer 1 (afranil) [contexte: boucle de régulation],0,0,0,0,0,0,1
biocide non-oxydant [contexte: cuvier de mélange],1,1,0,0,1,0,0
blancheur iso [contexte: pompe de transfert],0,0,0,0,0,0,0
epaisseur (caliper) [contexte: bac à eaux blanches],0,0,0,1,0,0,0
colorant rouge acide [contexte: table de fabrication],1,0,0,0,0,0,0
amidon natif de maïs [contexte: urgence],0,0,0,1,1,0,0
amidon oxydé [contexte: ligne principale],0,1,0,0,0,0,1
dioxyde de titane (tio2) [contexte: zone aspirante],0,0,0,1,0,0,0
demande chimique en oxygène (dco) [contexte: bobineuse],0,0,1,0,0,0,1
prestige cleaning aids ratio (prestige) [contexte: préparation de la pâte],0,0,1,0,0,0,0
dispersant synthétique [contexte: bobineuse],0,0,0,1,0,0,0
indice d'éclatement (burst) [contexte: ligne principale],0,0,0,1,0,0,0
anti-mousse à base d'huile [contexte: circuit long],0,0,0,0,0,0,0
résine de résistance à l'état humide (pae) [contexte: cuvier de mélange],0,0,0,0,1,0,0
retention aids ratio [contexte: ligne principale],0,0,0,0,1,0,0
ph de caisse de tête [contexte: préparation de la pâte],0,0,0,0,0,0,1
anti-mousse à base d'huile [contexte: stockage intermédiaire],0,0,0,1,0,0,0
colorant jaune basique [contexte: section des presses],0,1,0,1,0,0,0
agent de contrôle de la poix (talc) [contexte: section des presses],0,1,0,0,0,0,0
copes de bois [contexte: circuit long],0,0,0,1,1,0,0
size press [contexte: bac à eaux blanches],0,1,0,0,0,1,0
biocide non-oxydant [contexte: zone de raffinage],0,0,0,0,0,1,0
standard pulp ratio [contexte: sécherie],0,1,1,0,1,1,0
concentration de la pâte (consistance) [contexte: zone aspirante],1,0,0,0,1,0,0
azurant optique (oba) [contexte: épurateur],0,0,0,0,0,0,0
pulp ratio [contexte: zone de raffinage],0,0,0,0,0,1,0
température de séchage [contexte: ],1,0,0,0,0,0,0
agent de collage akd [contexte: sécherie],0,0,0,0,1,0,1
demande chimique en oxygène (dco) [contexte: circuit long],1,0,0,0,1,0,0
conductivité [contexte: bac à eaux blanches],1,0,1,1,0,1,0
retention aids ratio [contexte: bac à eaux blanches],0,0,0,0,1,0,0
pression des presses [contexte: hydrocyclone],0,0,0,0,1,1,0
porosité gurley [contexte: ligne principale],0,1,0,0,0,1,0
température de séchage [contexte: ligne principale],0,0,0,0,0,0,1
kaolin calciné [contexte: table de fabrication],0,1,0,0,0,1,0
pac [contexte: ligne principale],0,0,1,1,0,0,0
humidité finale [contexte: urgence],0,0,1,0,0,0,0
bentonite [contexte: v2],0,0,1,1,0,0,0
opacité [contexte: pompe A],1,1,1,0,0,0,0
pâte kraft blanchie de feuillus (bhkp) [contexte: circuit court],0,0,0,1,0,0,0
ph de caisse de tête [contexte: ligne principale],0,0,1,1,1,1,0
humidité finale [contexte: zone de raffinage],0,0,0,0,0,1,0
ph de caisse de tête [contexte: v2],0,0,0,0,0,0,0
agent de collage colophane [contexte: boucle de régulation],0,0,1,1,0,1,0
blancheur iso [contexte: section des presses],0,1,0,1,0,0,0
epaisseur (caliper) [contexte: épurateur],0,0,0,0,0,0,0
standard pulp ratio [contexte: urgence],1,1,0,1,0,1,0
pâte kraft blanchie de résineux (nbsk) [contexte: ],0,1,1,1,0,0,0
azurant optique (oba) [contexte: pompe B],1,0,1,1,0,1,0
retention aids ratio [contexte: pompe A],0,0,0,0,0,1,0
colorant jaune basique [contexte: station de dosage],0,0,0,0,1,0,0
pâte mécanique (tmp) [contexte: zone de raffinage],0,0,0,0,1,0,0
kaolin calciné [contexte: pompe B],0,0,0,1,0,1,0
potentiel zeta [contexte: v2],0,0,0,0,1,0,0
pâte mécanique (tmp) [contexte: pompe A],0,1,0,0,0,0,1
soude caustique (naoh) [contexte: épurateur],0,0,0,0,1,1,0
dispersant synthétique [contexte: ],0,0,1,1,0,0,1
pâte désencrée (dip) [contexte: pompe de transfert],0,0,0,0,1,0,0
defoamer 2 (erol) [contexte: zone de raffinage],0,0,0,0,0,0,1
biocide oxydant [contexte: pompe de transfert],0,1,0,0,1,0,0
rugosité bendtsen [contexte: épurateur],1,0,0,1,0,1,0
biocide oxydant [contexte: sécherie],0,0,0,1,0,1,1
humidité finale [contexte: épurateur],0,0,0,0,0,0,0
biocide ratio [contexte: pompe de transfert],1,0,0,1,0,0,0
eau de dilution [contexte: épurateur],0,0,0,0,0,1,0
concentration de la pâte (consistance) [contexte: caisse de tête],1,1,0,0,0,0,1
demande chimique en oxygène (dco) [contexte: zone de raffinage],0,0,0,1,1,1,0
potentiel zeta [contexte: table de fabrication],0,0,0,0,0,0,0
ph de caisse de tête [contexte: section des presses],1,0,0,1,0,1,0
copes de bois [contexte: stockage intermédiaire],0,1,0,0,0,0,0
